domain,question_id,feature_id,feature_title,stimuli,n_variants,Borch_mskh87,Dzhilikhur_aak49,Dzhilikhur_sgrg69,Dzhilikhur_umshkm59,Ikhrek_rsr94,Ikhrek_shda59,Khnov_asa39,Khnov_azn84,Kiche_gbm72,Kiche_nro49,Kina_khshs78,Kina_mim73,Kina_nir63,Luchek_dshsh86,Luchek_saui64,Luchek_ssk71,Myukhrek_bag71,Myukhrek_ished97
Lexicon,1,1,Lexical item for “a bone”,Бросил собаке _кость_,2,кьыIрыб,кьыIрыб,кьыIрыб,,кьыIрыб,кьырыб,кьыIрыб,кьыIрыб,кьыIрыб,кьыIрыб,,кьырыб,кьырыб,,кьыIрыб,кьырыб,кьыIрыб,кьыIрыб
Lexicon,1,3,Lexical item for “a bridle”,_Уздечку_ надевают лошади на морду,9,къантаргъа,рыхьнеб,рыхьнеб,,рыхьне,рыхьне,къантIаргъа,къантIаргъа,нихьребыр,ныхьре,,нихьре,нихьре,,нихьреб,-,рыхьнеб,рыхьнеб
Lexicon,1,4,Lexical item for “a chudu”,Мама испекла _чуду_.,9,йикьсар,хварчел,"хварчел, чуду",,холчел,хвалчел,йикь,йикь,йыкьцар,йыкьцар,,гырцI,гырцI,,гырцI,"чудду,  гырцI",хварчел,хварчел
Lexicon,1,5,Lexical item for “a cow”,Мама подоила _корову_,2,заьр,зер,зер,,зер,зер,заьр,заьр,зер,зер,,зер,зер,,заьр,заьр,зер,зер
Lexicon,1,6,Lexical item for “a cowhouse”,Корова стоит в _хлеву_,6,вихь,вихь,тавла,,вихь,гъадихта,вихь,виш,вихь,вихь,,вихь,агъыл,,вихь,вихь,товла,товла
Lexicon,1,7,Lexical item for “a donkey”,У _осла_ длинные уши.,5,йимел,йимел,йимел,,йимел,йимел,йуьмаьл,йуьмаIл,йимел’,йимел’,,йимел,йимел,,йимел,йимел,йимел,йимед
Lexicon,1,8,Lexical item for “a dress”,У Мадины красивое _платье_.,5,дун,выхын,выхын,,ухун,ухун,"гъадбы, дун",дун,ухун,ухун,,ухун,ухун,,ухун,"ухун, дун",выхын,выхын
Lexicon,1,9,Lexical item for “a drop”,На окне _капля_ дождя,3,укI,укI,укI,,кIуд,кIуд,укI,укI,укI,укI,,тIанкI,тIанкI,,тIанкI,тIанкI,укI,укI
Lexicon,1,10,Lexical item for “a hedgehog”,Ахмед убил _ежа_,12,жежьу,к’ирпик’,к’ирпик’,,йожик,кирпик,жуьжаь,"ежик, жуьже",кIаIнгъыIр,кIаIнгъыIр,,"гъылынцI, къылынцI",къыллынцI,,гъыIллынцI,гъыIллыIнцI,"гъыIллинцI, к’ирпик’",
Lexicon,1,11,Lexical item for “a horse”,Я купил _лошадь_,6,йабы,гьейван,гьейван,,гьайван,гьайван,"йабы, балкан","йабы, балкан",йиван,йиван,,гьейван,гьейван,,йийван,йиван,гьейван,гьейван
Lexicon,1,12,Lexical item for “a horseshoe”,Над дверью весит _подкова_,7,л’аьъан,эй,эй,,эг,эг’,лаIъаIн,лаъан,эг’,эг’,,эг,эг,,эг,"эг, гьаьг",эй,эй
Lexicon,1,13,Lexical item for “a hot”,"Не трогай чайник, он _горячий_",12,бикIиръи,бикIера,бикIера,,вирикIеру,вирикIеру,бикIир’ъи,бикIид,бикIере,бикIерди,,"бикIерды, къизгъынды",бикIерды,,бикIери,бикIрды,бикIерды,бикIерда
Lexicon,1,15,Lexical item for “a river”,_Река_ снесла мост.,7,чаьраIгъаIн,нецI,нецI,,нецI,нецI,чаьраьгьаьн,чаьраьхан,нацIур,нацIур,,л'ецI,л’ецI,,л'ецI,л'ецI,нецI,нецI
Lexicon,1,16,Lexical item for “a saddle”,Чтобы сесть на лошадь нужно _седло_,11,алух,папыр,йаьгьар,,йигьэрбыр,йигьер,пыпырбы,хъыIрыIбы,папрабыр,папрабыр,,алух,алух,,йегьер,папыр,йэгьар,такалту
Lexicon,1,17,Lexical item for “a thimble”,Чтобы шить на палец надевают _наперсток_,11,тIилийады,тIилийады,тIилийаIд,,тIили лавады,тIилийды,уьшк’уь,уьшкуь,уьймах,иймах,,тIылынкI,тIылынкI,,тIилийад,тIилийады,тIилиды,тIилиды
"Lexicon, DagLoans",1,2,Lexical item for “a fermented drink”,"Раньше у нас не было пива, и варили _бузу_",9,тIаIч,балбуза,"хъарабуза, хаIн, вашина",,"хаIн, буза",буза,тIаIч,тIач,хаьIн’,хаIн,,хаIн,хаIн,,хIан,тIач,хаIн,хаIн
"Lexicon, DagLoans",1,14,Lexical item for “a pants”,Мужчины носят штаны,3,шарвал,баду,баду,,баду,баду,шалвар,шалвар,баду,баду,,баду,баду,,баду,баду,баду,баду
"Lexicon, DagLoans",1,18,Lexical item for “an axe”,Дрова рубят _топором_,3,йокI,балта,балта,,балта,балта,йокIв,йокIв,балта,балта,,балта,балта,,балта,балта,балта,балта
"Lexicon, DagLoans",1,48,Lexical item for “a dew”,Выпала _роса_.,8,чий,къирав,къирав,,кIер,кIер,чий,чий,чизан,кIирав,,чий,чий,,саькв,"лам, чуьжан",лам,лам
"Lexicon, DagLoans",1,49,Lexical item for “a door”,"Закрой _дверь_, холодно",2,рак,рак,рак,,рак,рак,рак,рак,рак,рак,,рак,рак,,рак,рак,рак,"рак, гал"
"Lexicon, DagLoans",1,62,Lexical item for “a fish”,Пойдем ловить _рыбу_,1,балугъ,балугъ,балугъ,,балугъ,балугъ,балугъ,балугъ,балугъ,балугъ,,балугъ,балугъ,,балугъ,балугъ,балугъ,балугъ
"Lexicon, DagLoans",1,73,Lexical item for “a frog”,Французы едят _лягушек_,4,гъыIб,гъыIб,гъыIб,,пыIлхъ,пыIлхъ,паIл’та,паIлта,гъыIб,гъыIб,,гъыIб,гъыIб,,гъыIб,гъыIб,гъыIб,гъыIб
"Lexicon, DagLoans",1,75,Lexical item for “a gate”,"Загани машину, закрой _ворота_",10,"ракбыр, дарваза","рак, дарваза","ворота, дарваза",,дарваза,"давраза, рак",дарваза,"ракбы, дарваза","рак, давраза","ракбыр, дарваза",,дарвази,дарвази,,дарвазибыр,дарвази,ракбыр,дарваза
"Lexicon, DagLoans",1,88,Lexical item for “a hammer”,Он забил гвоздь _молотком_,4,ктIа,сант,сант,,сант,сант,кытIаь,кытIе,сант,сант,,сант,сант,,сант,сант,сант,сант
"Lexicon, DagLoans",1,98,Lexical item for “a light”,В том доме _свет_ в окне,8,ишигъ,йекв,йекв,,йокв,йекв,ищигъ,ишигъ,екв,екв,,"ишыгъ, йакв",ишыгъ,,йакв,йакв,йекв,йекв
"Lexicon, DagLoans",1,103,Lexical item for “a lock”,Я потерял ключ от _замка_,11,гуьлег,гулегбыр,къваIтI,,гулег,гулег,къвацI,къвацIбы,гуьлег’,гуьлегмар,,гуьлег,гуьлег’,,гуьлаьг,гулг,къватI,къватI
"Lexicon, DagLoans",1,119,Lexical item for “a navel”,В центре живота _пупок_,10,раIъаIтан,ухнид дан,ухнид дан,,ухнид тIан,уфнид дан,ракIдан,ратIкьан,бицI,бицI,,ухьнид дан,ухьнид дан,,ухнид дан,ухьнид дан,ухнид тIал,ухнид дал
"Lexicon, DagLoans",1,122,Lexical item for “a nest”,Птицы сделали _гнездо_.,9,йива,эквал,эквал,,фан,фар,йуваь,йуваь,аквал’,эквал’,,экул,экул,,экул,экул,эквал,эIквал
"Lexicon, DagLoans",1,136,Lexical item for “a plum”,"Абрикос желтый, _слива_ синяя",7,гаьваьли,гывали,гывали,,гывали,гывали,дамбыл,дамбыл,шоде,шводе,,гыволи,гыволи,,гуьвале,гыволи,гывали,гывали
"Lexicon, DagLoans",1,156,Lexical item for “a scissors or shears”,Ребенок разрезал бумагу _ножницами_,7,макIратI,кьыIчIид,кьыIчIид,,кьыIчIид,кьыIчIид,макIратI,макIратI,кьыIчIид,мыIкIраьтI,,къыIдычIбыр,кьыIдычI,,кьыIчIид,къычид,къыIчIид,къыIчIид
"Lexicon, DagLoans",1,157,Lexical item for “a scythe”,Папа косит _косой_,8,дерйас,чIинакI,чIинакI,,чIинакI,чIинакI,дирьйац,дирйас,чIенекI,дуьргец,,чIинакI,чIинакI,,"чIинакI, каьр’аьнте",кернти,чIинакI,чIинакI
"Lexicon, DagLoans",1,159,Lexical item for “a shade or shadow”,У дерева большая _тень_,3,"аIхъан, аIхъ",аIхъ,аIхъ,,аIхъ,аIхъ,эIхъ,аIхъ,аIхъ,аIхъ,,аIхъ,аIхъ,,аIхъ,аIхъ,аIхъ,аIхъ
"Lexicon, DagLoans",1,220,Lexical item for “a whip”,У пастуха длинный _кнут_,7,чунг,кьамчи,чимк’,,кьамчи,кьамчи,чунг,чунг,кьамчи,къирмадж,,къамчи,къамчи,,чунк,чунг,чумк’,чумк’
"Lexicon, DagLoans",1,226,Lexical item for “a wolf”,_Волк_ задрал овцу.,2,убул,убул,убул,,убул,убул,джанавар,джанавар,убул,убул,,убул,убул,,убул,убул,убул,убул
Numerals,1,1,Approximate numerals,У меня осталось примерно триста (рублей).,12,хьибыд веш,мабад хьибыд веш,хвамабад хьибыд веш,,мабади хъали хьибыд веш,хьибыл веш манут келды,хьибыд веш,шибыд веш духъун,хьибыд веш,хьибыд веш,хьибыд веш калды,,гьелеки хьибыд веш,,хьибыд ваьш,хибыд ваьш,минк’инъа хьибыды веш,примерна хибыды веш
Numerals,2,2,Approximate numerals,У нас осталось примерно пять-шесть тысяч (рублей).,12,хьуд-рыхьыд агъзыр,мабад хьуд-рихьуд агъзыр,хьвамабад хьуд-рихьуд агъзыр,,мабади хъали хьуд-рихьуд агъзыр,хьуд-рихьуд агъзыр,фыб-рыхьыд азыр,"фыд азыр – рыхьыд азыр, фыд – рыхьыд азыр",хьуд-рыхьыд агъзыр,хьуд-рыхьыд агъзыр,хьуд-рихьуд агъзыр калды,,гьелеки хьуд-рихьыд агъзыр,,хьуд-рихьуд агъзыр,хьуд-рихыд гьагъзыр,минк’инъа хьуд-рихьуд агъзыр,примерна хьуд-рихьуд агъзыр
Numerals,1,3,Collective numerals,Они пришли _втроём_,4,хьибыр,хьибыр,хьибыр,,хьибыр,хьыбыр,хьибыр,шибыр,хьибыр,хьибыр,хьибыр,,хьыбыр,,хьибыр,хибыр,хьибыр,хьибыр
Numerals,2,4,Collective numerals,_Все трое_ пришли,12,хьибыр сине,хьыбыр син,хьибыр син,,хьибыр сакал,хьибыр сине,хьбыр сине,шибыр сыне,сине хьибыр,хьибыр си,хьибыр сака,,хьыбыр син,,хьибыр син,син хибыр,хьибыр сак,син хьибыр
Numerals,1,5,Multiplicative numerals,Я был в том селе _пять раз_.,9,хьура,хьура хылис,хьура хылис,,хьураджа,"хьурэ, хьураджа",фырэ,фырэ,"хьура, хьурарджикен",хьурарджикен,хьурарджикен,,хьурарджикен,,хьурарджик’аьн,хьурарджик’аьн,хьурахьылис,хьурахьылис
Numerals,1,6,Distributive numerals,Каждый брат купили по три лошади.,8,хьибхаь,хьи-хьиб,хьи-хьиб,,хьи-хьиб,хьи-хьиба,хьихьбы,шишбы,хьибхьи,хьибхьи,хьихьба,,хьихьба,,хьиб-хьи,хьибхьи,хьи-хьиб,хьи-хьиб
Numerals,1,7,Numeral item for 1,1 мальчик,1,са,са,са,,са,са,са,са,са,са,са,,са,,са,са,са,са
Numerals,1,8,Numeral item for 2,2 девочки,1,кьваIр,кьваIр,кьваIр,,кьваIр,кьваIр,кьваIр,кьваIр,кьваIр,кьваIр,кьваIр,,кьваIр,,кьваIр,кьваIр,кьваIр,кьваIр
Numerals,1,9,Numeral item for 3,3 коровы,2,хьиб,хьиб,хьиб,,хьиб,хьиб,хьиб,шиб,хьиб,хьиб,хьиб,,хьиб,,хьиб,хьиб,хьиб,хьиб
Numerals,1,10,Numeral item for 4,4 дома,2,йукьуд,йукьуд,йукьуд,,йукьуд,йукьуд,йукьуд,йукьуд,йукьур,йукьуд,йукьуд,,йукьуд,,йукьуд,йукьуд,йукьуд,йукьуд
Numerals,1,11,Numeral item for 5,5 мальчиков,2,хьур,хьур,хьур,,хьур,хьур,фыр,фыр,хьур,хьур,хьур,,хьур,,хьур,хьур,хьур,хьур
Numerals,1,12,Numeral item for 6,6 девочек,3,рыхьыр,рихьур,рихьур,,рихьур,рихьур,рыхьыр,рыхьыр,рыхьыр,рыхьыр,рихьыр,,рихьыр,,рихьыр,рихьыр,рихьур,рихьур
Numerals,1,13,Numeral item for 7,7 коров,6,йугIуб,йууб,йууб,,йууб,йууб,йувуб,йувуб,йивуб,йивуб,йугIуб,,йугIуб,,йивуб,йивыб,йууб,йугьуб
Numerals,1,14,Numeral item for 8,8 домов,2,мыйад,мыйед,мыйед,,мыйед,мыйед,мыйад,мыйад,мыйед,мыйед,мыйед,,мыйед,,мыйед,мыйед,мыйед,мыйед
Numerals,1,15,Numeral item for 9,9 мальчиков,6,йучIур,йуьчIур,йуьчIур,,йичIур,йуьчIур,йуьчIуьр,йуьчIуьр,вучIур,вучIур,йуьчIур,,йуьчIур,,учIур,вучIур,йучIур,йучIур
Numerals,1,16,Numeral item for 10,10 девочек,1,йицIыр,йицIыр,йицIыр,,йицIыр,йицIыр,йицIыр,йицIыр,йицIыр,йицIыр,йицIыр,,йицIыр,,йицIыр,йицIыр,йицIыр,йицIыр
Numerals,1,17,Numeral item for 11,11 коров,2,цIысаб,цIыса,цIыса,,цIыса,цIыса,цIысаб,цIысаб,цIыса,цIыса,цIыса,,цIыса,,цIыса,цIыса,цIыса,цIыса
Numerals,1,18,Numeral item for 12,12 дома,7,цIуIкьваIд,цIуIкьваIд,цIуIкьваIд,,цIыкьIвад,цIыкьIвад,цIыкьвад,цIуIкьваIд,цIыIкьваIд,цIыIкьваIд,цIыIкьваIд,,цIукьваIд,,цIуIкьваIд,цIыкьваIд,цIыкьвад,цIукьвад
Numerals,1,19,Numeral item for 18,18 мальчиков,3,цIымыйар,цIымыйер,цIымыйер,,цIымыйер,цIымыйер,цIымыйар,цIымыйар,цIымыйер,цIымыйер,цIымыйер,,цIымыйер,,цIымыйер,цIымыйаьр,цIымыйер,цIымыйер
Numerals,1,20,Numeral item for 20,20 девочек,1,къар,къар,къар,,къар,къар,къар,къар,къар,къар,къар,,къар,,къар,къар,къар,къар
Numerals,1,21,Numeral item for 26,26 коров,8,къанна рихьыб,къанна рихьхьуб,къанне рихьхьуб,,къанна рихьхьуб,къанна рихьхьуб,къанна рыхьхьыб,къанна рыхьхьыб,къанна рыхьхьыд,къанна рыхьхьыб,къанна рихьхьыб,,къанна рихьыб,,къанны рихьхьыб,къанны рихьыб,къанна рихьхьуб,къанна рихьхьуб
Numerals,1,22,Numeral item for 30,30 домов,2,хьибцIыр,хьибцIыр,хьибцIыр,,хьибцIыр,хьибцIыр,хьибцIыр,шибцIыр,хьибцIыр,хьибцIыр,хьибцIыр,,хьибцIыр,,хьибцIыр,хьибцIыр,хьибцIыр,хьибцIыр
Numerals,2,23,Numeral item for 30,30 мальчиков,2,хьибцIыр,хьибцIыр,хьибцIыр,,хьибцIыр,хьибцIыр,хьибцIыр,шибцIыр,хьибцIыр,хьибцIыр,хьибцIыр,,хьибцIыр,,хьибцIыр,хьибцIыр,хьибцIыр,хьибцIыр
Numerals,1,24,Numeral item for 35,35 девочек,8,хьибцIырна хьур,хьибцIынна хьур,хьибцIынна хьур,,хьибцIынна хьур,хьибцIынна хьур,хьибцIырнаь фыр,шибцIырнаь фыр,хьибцIыннаь хьур,хьибцIынны хьур,хьибцIырны хьур,,хьыбцIырна хьур,,хьибцIынны хьур,хьибцIырны хьур,хьибцIынны хьур,хьибцIынны хьур
Numerals,1,25,Numeral item for 40,40 коров,6,йогъцIур,йогъцIур,йогъцIур,,йовцIур,йовцIур,йукьцIур,йукIцIур,йогъцIур,"йовцIур, йовцIыр",йовцIыр,,йовцIур,,йовцIур,йогъцIур,йогъцIур,йогъцIур
Numerals,1,26,Numeral item for 50,50 домов,5,хьудцIур,хьудцIур,хьудцIыр,,хьудцIур,хьудцIур,фыдцIыр,фыдцIыр,хьудцIур,хьудцIур,хьудцIур,,хьудцIур,,хьудцIур,хьуцIыр,хьуцIур,хьуцIур
Numerals,1,27,Numeral item for 60,60 мальчиков,3,рыхьцIыр,рихьцIыр,рихьцIыр,,рихьцIыр,рихьцIыр,рыхьцIыр,рыхьцIыр,рыхьцIыр,рыхьцIыр,рихьцIыр,,рихьцIыр,,рихьцIыр,рихцIыр,рихьцIыр,рихьцIыр
Numerals,1,28,Numeral item for 70,70 девочек,4,йигIцIыр,йигIцIыр,йигIцIыр,,йийцIыр,йийцIыр,йувцIыр,йувцIур,йийцIыр,йийцIыр,йигIцIыр,,йигIцIыр,,йигIцIыр,йигIцIыр,йигIцIыр,йигIцIыр
Numerals,2,29,Numeral item for 70,70 коров,4,йигIцIыр,йигIцIыр,йигIцIыр,,йийцIыр,йийцIыр,йувцIыр,йувцIур,йийцIыр,йийцIыр,йигIцIыр,,йигIцIыр,,йигIцIыр,йигIцIыр,йигIцIыр,йигIцIыр
Numerals,1,30,Numeral item for 77,77 домов,12,йигIцIырна йугьуд,йигIцIынна йууд,йигIцIынна йууд,,йийцIырна йууд,йийцIынаь йууд,йувцIырнаь йувуд,йувцIурнаь йувуд,йийцIырна йивуд,йийцIырна йивуд,йигIцIырна йугIуд,,йигIцIынна йуьгIуд,,йигIцIынны йивыд,йигIцIынны йывыд,йигIцIынна йугьуд,йигIцIынна йугьуд
Numerals,1,31,Numeral item for 80,80 мальчиков,1,мыйцIыр,мыйцIыр,мыйцIыр,,мыйцIыр,мыйцIыр,мыйцIыр,мыйцIыр,мыйцIыр,мыйцIыр,мыйцIыр,,мыйцIыр,,мыйцIыр,мыйцIыр,мыйцIыр,мыйцIыр
Numerals,1,32,Numeral item for 90,90 девочек,5,йуьдджур,йуьдджур,йуьдджур,,йидджур,йуьдджуьр,йуьчIуьр,йуьчIуьр,вудджур,вудджур,йуьдджуьр,,йуьдджур,,вудджур,вудджур,йуьдджуьр,йуьдджуьр
Numerals,1,33,Numeral item for 100,100 коров,2,ваьш,веш,веш,,веш,веш,веш,веш,веш,веш,веш,,веш,,ваьш,ваьш,веш,веш
Numerals,1,34,Numeral item for 107,107 домов,9,ваьшнаь йугIуд,вешна йууд,вешна йууд,,вешна йууд,вешна йууд,вешнаь йувуд,вешнаь йувуд,вешна йивуд,вешна йивуд,вешна йугIуб,,вешна йуьгIуд,,ваьшна йивыд,ваьшни йивыд,вешна йууд,вешны йугьуд
Numerals,1,35,Numeral item for 129,129 мальчиков,9,ваьшнаь къанна йучIур,вешна къанна йучIур,вешна къанна йучIур,,вешна кьанна йичIур,вешна кьанна йичIур,вешнаь къаннаь йучIур,вешнаь къаннаь йучIур,вешна къанна вучIуд,вешна къанна вучIур,вешна къанна йучIур,,вешна къанна йуьчIур,,ваьшна кънны учIур,ваьшни къанни вучIуд,вешна къанна йучIур,вешна къанна йучIур
Numerals,1,36,Numeral item for 300,300 девочек,3,хьибыд ваьш,хьибыд веш,хьибыд веш,,хьибыд веш,хьибыд веш,хьибыд веш,шибыд веш,хьибыд веш,хьибыд веш,хьибыд веш,,хьибыд веш,,хьибыд ваьш,хьибыд ваьш,хьибыд веш,хьибыд веш
Numerals,1,37,Numeral item for 472,472 коровы,13,йукьуд ваьшнаь йигIцIырнаь кьваIб,йукьуд вешна йигъцIынна кьваIб,йукьуд вешна йигIцынна кьIвад,,йукьуд вешнаь йигIцIырна кьваIр,йукьуд вешнаь йигIцIырна кьваIб,йукьуд вешна йувцIурна кьваIб,йукьуд вешнаь йувцIурнаь кьваIб,йукьуд вешнаь йийцIырна кьваIд,йукьуд вешнаь йийцIырна кьваIб,йукьуд вешна йигIцIырна кьваIб,,йукьуд вешна йигIцIырна кьваIб,,йукьуд ваьшны йигIцынны кьваIд,йукьуд ваьшни йигIцIырни кьвад,йукьуд вешна йигIцIынна кьваIб,йукьуд вешна йигIцIынна кьваIб
Numerals,1,38,Numeral item for 500,500 домов,3,хьуд ваьш,хьуд веш,хьуд веш,,хьуд веш,хьуд веш,фыд веш,фыд веш,хьуд веш,хьуд веш,хьуд веш,,хьуд веш,,хьуд ваьш,хьуд ваьш,хьуд веш,хьуд веш
Numerals,1,39,Numeral item for 1840,1840 мальчиков,11,агъзырна мыйад ваьшнаь йогъцIур,агъзынна мыйед вешна йогIцIур,агъзынна мыйед вешна  йогъцIыр,,агъзырна мыйед вешна йовцIур,агъзырна мыйед вешна йовцIур,азырнаь мыйад вешнаь йокьцIур,азырнаь мыйад вешнаь йукьцIур,агъзырна мыйед вешнаь йогъцIур,агъзырна мыйед вешнаь йовцIыр,агъзырна мыйед вешна йовцIур,,агъзырна мыйед вешна йовцIур,,агъзынна мыйед ваьшна йогъцIур,гьагъзырни мыйед ваьшни йогъцIур,агъзынна мыйед вешна йогъцIур,агъзынна мыйед вешна йогъцIур
Numerals,1,40,Numeral item for 3000,3000 девочек,4,хьибыд агъзыр,хьибыд агъзыр,хьибыд агъзыр,,хьибыд агъзыр,хьибыд агъзыр,хьибыд азыр,шибыд азыр,хьибыд агъзыр,хьибыд агъзыр,хьибыд агъзыр,,хьибыд агъзыр,,хьибыд агъзыр,хьибыд гьагъзыр,хьибыд агъзыр,хьибыд агъзыр
Numerals,1,41,Numeral item for 5906,5906 коров,12,хьуд агъзырна йучIуд ваьшнаь рыхьыб,хьуд агъзырна йуьчIуд вешна рихьуд,хьуд агъзынна  йуьчIуд вешна рихьуб,,хьуд агъзырна йичIуд вешна рихьуб,хьуд агъзырна йичIуд вешна рихьуб,фыд азырнаь йуьчIуьд вешнаь рыхьыб,фыд азырнаь йуьчIуьд вешнаь рыхьыб,хьуд агъзырна вучIуд вешнаь рыхьыд,хьуд агъзырна вучIуд вешна рыхьыб,хьуд агъзырна йучIуд вешна рихьхьыб,,хьуд агъзырна йуьчIуд вешна рихьыб,,хьуд агъзынны  учIуд ваьшна рихьыб,хьуд гьарзырни вучIуд ваьшни рихыд,хьуд агъзынна йучIуд вешна рихьуб,хьуд агъзынна йучIуд вешна рихьуб
Numerals,1,42,Numeral item for 3345876,3345876 домов,14,хьибыд милионна хьибыд ваьшнаь йогъцIырна хьуд агъзырна мыйед ваьшнаь йигIцIырна рыхьыд,хьибыд милионна хьибыд вешна йогIцIунна хьуд агъзырна мыйед вешна йигIцIынна рихьуд,хьибыд милионна хьибыд вешна йогъцIунна хьуд агъзырна  мыйед вешна йигIцIынна рихьуд,,хьиб милионна хьибыд вешна йовцIурна хьуд агъзырна мыйед вешна йигIцIырна рихьуд,хьибыд милионна хьибыд вешна йовцIурна хьуд агъзырна мыйед вешна йигIцIынна рихьуд,хьибыды милийаннаь  хьибыд вешнаь йукьцIырна фыд азырнаь мыйад вешнаь йувцIурна рыхьыд,шибыд милийаннаь  шибыд вешнаь йукьцIырнаь фыд азырнаь мыйад вешнаь йувцIурна рыхьыд,хьибыд милионна хьибыд вешна йогъцIурна хьуд агъзырна мыйед вешна йийцIырна рыхьыд,хьибыд милионна хьибыд вешна йогъцIырна хьуд агъзырна мыйед вешна йийцIырна рыхьыд,хьибыд милионна хьибыд вешна йовцIурна хьуд агъзырна мыйед вешна йигIцIырна рихьхьыд,,хьибыд миллионна хьибыд вешна йовцIурна хьуд агъзырна мыйед вешна йыгIцIырна рихьыд,,хьибыд милионны хьибыд ваьшна йогъцIунны хьуд агъзырны мыйед ваьшна йигIцIынны рихьуд,хьибыд милионы хьибыд ваьшни йогъцIурни хьуд гьагъзырни мыйыд ваьшни йыгIцырны рихыд,хьибыд милионна хьибыд вешна йогъцIынна хьуд агъзынна мыйед вешна йигIцIынна рихьуд,хьибыд милионна хьибыд вешна йогъцIынна хьуд агъзынна мыйед вешна йигIцIынна рихьуд
Numerals,1,43,Ordinal numerals,_Второго_ сына звали Муса.,3,кьваIдрухьуй,кьваIрхьусды,кьваIрхьусды,,кьваIрхьусды,кьваIрхьусды,кьваIдрыфыды,кьваIдрыфыды,кьваIрхьусды,кьваIрхьусды,кьваIрхьусды,,кьваIрхьусды,,кьваIрхьусды,кьваIрхьусды,кьваIрхьусды,кьваIрхьусды
"Lexicon, DagLoans",1,162,Lexical item for “a sickle”,Пшеницу убирают _серпом_,8,,хабак’,хабак,,хабаьк,хаьбак,мангал,мангал,аIраб,аIраб,,аIраб,аIраб,,араб,аIраб,хабаьк’,хабаьк’
DagLoans,1,1,Lexical item for “a ball”,"мяч, шар",1,,,,туп,туп,,туп,,туп,,,,,туп,,,туп,
DagLoans,1,3,Lexical item for “a barrel”,бочка,4,,,,бышка,бычка,,бушка,,бышка,,,,,бошка,,,бышка,
DagLoans,1,4,Lexical item for “a bat”,летучая мышь,5,,,,махъыхъ,кьваркьид хыли,,махъракъа,,къаркъанак,,,,,мыхъахъ,,,махъыхъ,
DagLoans,1,5,Lexical item for “a beak”,клюв,3,,,,кIухь’,кIуф,,кIуф,,кIуф,,,,,кIуфь,,,кIухь’,
DagLoans,1,6,Lexical item for “a beard”,борода,5,,,,мичIри,мычIири,,мичIрий,,мичIри,,,,,мычIре,,,мичIири,
DagLoans,1,7,Lexical item for “a beeswax”,воск (пчелиный),2,,,,мым,мым,,мум,,мум,,,,,мум,,,мым,
DagLoans,1,8,Lexical item for “a belt”,"ремень, пояс",4,,,,йикьад чIил,"йикьаIйди, чIил",,чIил’,,чIил’,,,,,чIил,,,чIил,
DagLoans,1,9,Lexical item for “a blanket”,одеяло,5,,,,"адиял, йургъан","адийал, йургъан",,"адиял, юргъан",,"адиял, юргъан",,,,,адел,,,йургъан,
DagLoans,1,10,Lexical item for “a blister”,мозоль,6,,,,паIраIхвал,ныцI,,паьраьхул,,гъыIдигъ,,,,,парахул,,,пераьхвал,
DagLoans,1,11,Lexical item for “a boar”,"кабан, боров, вепрь",3,,,,дунгъуз,къабан,,къабан,,къабан,,,,,къабан,,,"дунгъуз, къабан",
DagLoans,1,12,Lexical item for “a body”,тело,5,,,,джандак,джан,,бедаьн,,джандахъ,,,,,"джан, беден",,,джан,
DagLoans,1,13,Lexical item for “a bottle”,бутылка,3,,,,шуьше,шуьше,,"бутылка, шуьше",,шуьше,,,,,шуьшаь,,,шуьше,
DagLoans,1,14,Lexical item for “a boundary”,"граница, межа",5,,,,саIргьаIт,саIрхаIт,,саIрхаIь,,"джапсар, саIргьаIт",,,,,саргьаIт,,,саIрхаIт,
DagLoans,1,15,Lexical item for “a bow”,"лук (оружие), стрела",6,,,,ейхамк,каракач,,"лук, йайъух",,ейух,,,,,йейух,,,ейъух,
DagLoans,1,16,Lexical item for “a bracelet”,браслет,4,,,,"браслет, тIул",,,браслет,,тIыбыхъ,,,,,,,,тIуьбеъел,
DagLoans,1,18,Lexical item for “a bridge”,мост,3,,,,гъаI,гъыI,,гъаI,,гъыI,,,,,гъа,,,гъаI,
DagLoans,1,19,Lexical item for “a broom”,метла,4,,,,мигIул,мугул,,хьырыс,,мугул,,,,,мугул,,,мигул,
DagLoans,1,22,Lexical item for “a bucket”,ведро,5,,,,ведро,ведра,,ведре,,бедры,,,,,видра,,,ведра,
DagLoans,1,23,Lexical item for “a butterfly”,бабочка,6,,,,деребел,пирваани,,цIыцI,,билбил,,,,,тIебебел,,,деребил,
DagLoans,1,24,Lexical item for “a cabbage”,капуста (кочанная),4,,,,калам,калам,,к’аьлаьм,,кел’ем,,,,,кал’ам,,,калам,
DagLoans,1,25,Lexical item for “a candle”,свеча,4,,,,шам,свеча,,"пIил’тIа, шам",,чирагъ,,,,,шам,,,шам,
DagLoans,1,26,Lexical item for “a carrot”,морковь,4,,,,абажуьр,абаджуьр,,абадур,,абадур,,,,,абадур,,,абажур,
DagLoans,1,27,Lexical item for “a cat”,кошка,3,,,,г’ет,г’ет,,гат,,гет,,,,,г’ет,,,г’ет,
DagLoans,1,29,Lexical item for “a cattle”,крупный рогатый скот,6,,,,двар,"давар, мал",,наьхир,,"малгар, давар",,,,,давар’р,,,дувар,
DagLoans,1,31,Lexical item for “a chain”,цепь,4,,,,силсил,силсил,,зинджир,,"дзырдзам, зинджир",,,,,зинджыр,,,силсил,
DagLoans,1,33,Lexical item for “a clan”,"тухум, род",2,,,,тухум,тухум,,"несил’, тухум",,тухум,,,,,тухум,,,тухум,
DagLoans,1,36,Lexical item for “a clothing or clothes”,одежда,3,,,,валыг,валыг,,гъадбы,,валыг,,,,,валыгмар,,,валыгмар,
DagLoans,1,38,Lexical item for “a cock/rooster”,петух,1,,,,дадал,дадал,,дадал,,дадал,,,,,дадал,,,дадал,
DagLoans,1,40,Lexical item for “a colour/color”,цвет,2,,,,ранг,ранг,,ранг,,ранг,,,,,р’нг,,,ранг,
DagLoans,1,41,Lexical item for “a comb”,гребень; расческа,1,,,,раIгъ,раIгъ,,раIгъ,,раIгъ,,,,,раIгъ,,,раIгъ,
DagLoans,1,42,Lexical item for “a copper”,медь,2,,,,дзыр,дзыр,,йез,,дзыр,,,,,дзыр,,,дзыр,
DagLoans,1,43,Lexical item for “a corpse”,труп,4,,,,мыйит,"йикьири, джаназа, майит",,мейит,,майит,,,,,майит,,,майит,
DagLoans,1,45,Lexical item for “a cross”,крест,1,,,,хач,хач,,хач,,хач,,,,,хач,,,хач,
DagLoans,1,46,Lexical item for “a cup”,чашка,6,,,,"чашка,","курушкIа, гыр",,джам,,чашка,,,,,курушкIа,,,гыр,
DagLoans,1,47,Lexical item for “a debt”,долг (денежный),2,,,,бырж,бырдж,,бырдж,,бырдж,,,,,бырдж,,,бырж,
DagLoans,1,50,Lexical item for “a drum”,барабан,3,,,,раIкьна,накьра,,далдам,,накьра,,,,,накьра,,,раIкьна,
DagLoans,1,51,Lexical item for “a duck”,утка,5,,,,уьрдег,къваз,,къаз,,къваз,,,,,урдег,,,урдей,
DagLoans,1,52,Lexical item for “a dust”,пыль,3,,,,туз,туз,,"туз, руг",,руг,,,,,"туз, руг",,,туз,
DagLoans,1,53,Lexical item for “a fairy tale”,сказка,5,,,,хабар,мехв,,нагъыл,,махв,,,,,ахъайет,,,хабар,
DagLoans,1,54,Lexical item for “a family”,семья,4,,,,кулхват,"халабыр, кулфат, хизан",,"ъаъиле, несиль",,хизан,,,,,хизан,,,кулхват,
DagLoans,1,58,Lexical item for “a felt”,войлок (из чего делают бурки),3,,,,лит,кьыдикь,,лит,,дын,,,,,лит,,,дын,
DagLoans,1,61,Lexical item for “a firewood”,"дрова, топливо, древесина",2,,,,усбыр,усбыр,,ус,,ус,,,,,усбыр,,,усбыр,
DagLoans,1,63,Lexical item for “a fist”,кулак,2,,,,худ,худ,,худ,,худ,,,,,худ,,,хыбыл,
DagLoans,1,65,Lexical item for “a flour”,мука (пшеничная),2,,,,хуIр,хуIр,,хуIр,,хур,,,,,хуIр,,,хуIр,
DagLoans,1,66,Lexical item for “a flower”,цветок,2,,,,бычI,бичI,,бычI,,бычI,,,,,бычI,,,бычI,
DagLoans,1,68,Lexical item for “a footprint”,след (ноги),4,,,,хьал,хьал,,л’аьпыр,,идж,,,,,хьаль,,,хьал,
DagLoans,1,69,Lexical item for “a fork”,вилка (которой кушают),3,,,,чангал,"вилка, чангал",,вил’ка,,чангал,,,,,чангал,,,чангал,
DagLoans,1,70,Lexical item for “a fork(2)/pitchfork”,вилы (сена),4,,,,хьибгари,хьибгари,,хлан,,хьылан,,,,,хылан,,,хьибгари,
DagLoans,1,72,Lexical item for “a friend”,"друг, приятель",6,,,,юлдаш,"дуст, юлдаш",,,"дуст, амбаз","юлдаш, дуст",,,,,"юлдаш, дост",,,дуст,
DagLoans,1,74,Lexical item for “a garden”,сад,1,,,,багъ,багъ,,,багъ,багъ,,,,,багъ,,,багъ,
DagLoans,1,76,Lexical item for “a glass”,стекло,5,,,,гьаIйна,ъаIйна,,,аIйна,айне,,,,,гьаIйна,,,гьайна,
DagLoans,1,79,Lexical item for “a gold”,золото,2,,,,къизил,къизил,,,къизил,къизил,,,,,къызил,,,къизил,
DagLoans,1,80,Lexical item for “a goose”,гусь,2,,,,къаз,къваз,,,къаз,къваз,,,,,къаз,,,къаз,
DagLoans,1,83,Lexical item for “a grape”,виноград,1,,,,тIымыл,тIымыл,,,тIымыл,тIымыл,,,,,тIымыл,,,тIымыл,
DagLoans,1,84,Lexical item for “a grasshopper”,кузнечик,4,,,,нацI,нафдырцIей,,,цIыцI,цIыцI,,,,,цIыцI,,,нацIъ,
DagLoans,1,86,Lexical item for “a guest”,гость,1,,,,мигьман,мигьман,,,мигьман,мигьман,,,,,мигьман,,,мигьман,
DagLoans,1,87,Lexical item for “a gun”,ружьё,6,,,,тихванг,туфанг,,,туьфэнг’,туфа,,,,,тифанг,,,тухванг,
DagLoans,1,89,Lexical item for “a hare”,заяц,3,,,,гъыIгъ,гъыIр,,,гъыIр,гъыIд,,,,,гъыIр,,,гъыIр,
DagLoans,1,91,Lexical item for “a herd”,стадо (овец),4,,,,суьри,"ятах, хыIб",,,суьри,йетах,,,,,суьри,,,хыIб,
DagLoans,1,92,Lexical item for “a joke”,шутка,3,,,,зарафат,зарафаьт,,,зарафат,зарафат,,,,,зарафат,,,зарахват,
DagLoans,1,96,Lexical item for “a lead”,свинец (из чего пули),5,,,,къургъушим,къургъушин,,,къургъушен,къургъушын,,,,,кургъушен,,,къургъушин,
DagLoans,1,99,Lexical item for “a lightning”,молния,6,,,,цIай рапыри,цIа сахары,,,йылдырым,цIий лапан,,,,,цIай рапIыр,,,цIай рапар,
DagLoans,1,100,Lexical item for “a lion”,лев,1,,,,аслан,аслан,,,аслан,аслан,,,,,аслан,,,аслан,
DagLoans,1,101,Lexical item for “a lip”,губа,4,,,,"пIыз, букI","букI, пIыз",,,пIыз,пIыз,,,,,"пIыз, букI",,,букI,
DagLoans,1,102,Lexical item for “a lizard”,ящерица,6,,,,бенегъвай,хьутхьул,,,хуьрикIей,маIркьаIвакь,,,,,макьаIвыIкь,,,келез,
DagLoans,1,104,Lexical item for “a maize/corn”,кукуруза,5,,,,каргъудали,каргъутIали,,,къагъудале,каргъадалый,,,,,каргъудели,,,каргъудели,
DagLoans,1,106,Lexical item for “a medicine”,лекарство,2,,,,дарман,даьрман,,,дарман,дарман,,,,,дарман,,,дарман,
DagLoans,1,107,Lexical item for “a melon”,дыня,3,,,,кавым,кавым,,,йимиш,кавым,,,,,къавын,,,кавым,
DagLoans,1,108,Lexical item for “a mirror”,зеркало,5,,,,гузге,гузги,,,гуьзгуь,г’уьзг’уь,,,,,г’юзг’,,,гузги,
DagLoans,1,110,Lexical item for “a money”,деньги,5,,,,шейибыр,шийыбыр,,,тангабы,танга,,,,,шейибыр,,,шийбыр,
DagLoans,1,112,Lexical item for “a mortar(2)”,известковый раствор,6,,,,к’ераж,кирадж,,,мехь,к’иредж,,,,,кирадж лыз,,,киражед лыз,
DagLoans,1,115,Lexical item for “a mule”,мул,2,,,,къатир,къатир,,,къатыр,къатир,,,,,къатир,,,къатир,
DagLoans,1,116,Lexical item for “a mushroom”,гриб,6,,,,суькIу,цIикIвол,,,паскьун,чеч,,,,,паф,,,сукIу,
DagLoans,1,117,Lexical item for “a nail”,гвоздь,4,,,,масмар,масмар,,,къадах,мысмар,,,,,мусмар,,,масмар,
DagLoans,1,120,Lexical item for “a needle(1)”,игла,1,,,,руб,руб,,,руб,руб,,,,,руб,,,руб,
DagLoans,1,121,Lexical item for “a neighbour”,сосед,2,,,,къумши,къунши,,,къунши,къумши,,,,,къумши,,,къумши,
DagLoans,1,123,Lexical item for “a nettle”,крапива,5,,,,макъвал,магъвал,,,мокъал,макъвол,,,,,макъул,,,макъвал,
DagLoans,1,125,Lexical item for “a paint”,краска,3,,,,ранг,шир,,,шир,шир,,,,,"шир, ранг (цвет)",,,ранг,
DagLoans,1,126,Lexical item for “a paper”,бумага,4,,,,кагъат,"кагъат, джер",,,джар,кагъат,,,,,"кагъад, кIазид",,,кагъат,
DagLoans,1,127,Lexical item for “a partridge”,куропатка,2,,,,гъуIд,"гъуIд, чIалагады къатI",,,гъуIд,гъуIд,,,,,гъуIд,,,гъуIд,
DagLoans,1,129,Lexical item for “a pea”,горох,6,,,,гарух,"гарох, нухутI",,,кIах,"кIах, хар",,,,,горох,,,хар,
DagLoans,1,130,Lexical item for “a pear”,груша,1,,,,хыIр,хыIр,,,хыIр,хыIр,,,,,хыIр,,,хыIр,
DagLoans,1,131,Lexical item for “a pencil”,карандаш,2,,,,къалам,кьалам,,,кьалам,кьалам,,,,,кьалам,,,кьалам,
DagLoans,1,132,Lexical item for “a pepper”,перец (черный),5,,,,уьсуьут,исуьт,,,истуъут,истуъут,,,,,лыхды иссуъут,,,лыIхьды исиут,
DagLoans,1,134,Lexical item for “a pig”,свинья,1,,,,дунгъуз,дунгъуз,,,дунгъуз,дунгъуз,,,,,дунгъуз,,,дунгъуз,
DagLoans,1,135,Lexical item for “a pipe”,трубка курительная,6,,,,къалиъен,къалияд,,,къалийан,муштIук,,,,,хъалин,,,къалин,
DagLoans,1,137,Lexical item for “a pocket”,карман,2,,,,джиб,джиб,,,джибин,джиб,,,,,джиб,,,джиб,
DagLoans,1,138,Lexical item for “a poison”,яд,4,,,,авгъу,аьвгъу,,,"заьгьаьр, аьзаьр",агъу,,,,,авгъу,,,авгъу,
DagLoans,1,140,Lexical item for “a price”,цена,3,,,,кI’имет,кьемет,,,кьемет,кьимет,,,,,кьимет,,,кьимет,
DagLoans,1,141,Lexical item for “a prison”,тюрьма,4,,,,туьрма,дустагъ,,,дустах,дустагъ,,,,,дустагъ,,,дусагъ,
DagLoans,1,142,Lexical item for “a pumpkin or squash”,тыква,2,,,,къабах,къабах,,,къабах,къабах,,,,,кабах,,,кабах,
DagLoans,1,144,Lexical item for “a reindeer/caribou”,олень,4,,,,марал,нахчир,,,марал,михь,,,,,гъэрч,,,марал,
DagLoans,1,145,Lexical item for “a rice”,рис,5,,,,дуьгIи,дуьги,,,дуьг’уь,"дуьги, дуьгуь",,,,,дуьг’уь,,,дуьйи,
DagLoans,1,146,Lexical item for “a ring”,кольцо,6,,,,тIилийалаъад,тIибел,,,тIаIбоIъел,тIыбыъел’,,,,,мыгъыр,,,тIилиды,
DagLoans,1,147,Lexical item for “a rope”,веревка,5,,,,тIуьъ,ухур,,,кендир,кIытI,,,,,ухур,,,"тIуьъ, кендыр",
DagLoans,1,148,Lexical item for “a rosary”,четки,6,,,,тасбаь,супаIн,,,тасбыхбы,супгъан,,,,,"супгъан, таспыгъ",,,хадбыр,
DagLoans,1,149,Lexical item for “a rust”,ржавчина,2,,,,мыIхъ,моIхъ,,,мыIхъ,мыIхъ,,,,,мыIхъ,,,мыIхъ,
DagLoans,1,150,Lexical item for “a sand”,песок (строительный),2,,,,къум,къум,,,къум,сецI,,,,,къум,,,къум,
DagLoans,1,152,Lexical item for “a saw”,пила,6,,,,дархилак,"дархилахъ (одноручная), гилдебир (двуручная)",,,меншаьр,меншер,,,,,"дархилахъ, гирдабил",,,дархилахъ,
DagLoans,1,154,Lexical item for “a scar”,"шрам, рана",3,,,,лышан,йыIхыIн,,,лышан,идж,,,,,лышан,,,йыIхыIн,
DagLoans,1,155,Lexical item for “a school”,школа,4,,,,михьтаб,мехьтеб,,,мештаб,мехьтеб,,,,,михьтаб,,,мехьдаб,
DagLoans,1,158,Lexical item for “a sea”,море,4,,,,дерйа,дерйагь,,,дерйе,дерйа,,,,,д’еръйагь,,,дерйа,
DagLoans,1,160,Lexical item for “a shop/store”,магазин,3,,,,дукан,тукан,,,тукан,тукан,,,,,т’икван,,,дукан,
DagLoans,1,163,Lexical item for “a silver”,серебро,3,,,,гумыш,гумыш,,,гуьмиш,гымыш,,,,,гымыш,,,гумыш,
DagLoans,1,166,Lexical item for “a sledge/sled”,санки,5,,,,хезек,кирше,,,хезег’,гъаIл’,,,,,хазекI,,,хезек,
DagLoans,1,167,Lexical item for “a sleeve”,рукав,1,,,,хулук,хулук,,,хулук,хулук,,,,,хулук,,,хулук,
DagLoans,1,169,Lexical item for “a soap”,мыло,3,,,,сабын,сабын,,,забын,сабын,,,,,сабун,,,сабын,
DagLoans,1,170,Lexical item for “a song”,песня,6,,,,маIаIни,баьйти,,,чIалбы,наIни,,,,,маьгьни,,,маIни,
DagLoans,1,173,Lexical item for “a soup”,суп,4,,,,рыкь,рикь,,,рикь,цIыс,,,,,рекь,,,рыкь,
DagLoans,1,174,Lexical item for “a spade”,лопата,4,,,,бер,къылсе,,,лапытIкъе,бер,,,,,баьр,,,бер,
DagLoans,1,177,Lexical item for “a spider”,паук,6,,,,хашамкIал,хачамкал,,,пIаьгьливан,хашаьнкIоIлый,,,,,шамкал,,,хашамкал,
DagLoans,1,179,Lexical item for “a spoon”,ложка,3,,,,дур,дур,,,тур,дур,,,,,дур’,,,дур,
DagLoans,1,184,Lexical item for “a sugar”,сахар,2,,,,шагар,шаькъаьр,,,шагар,шагар,,,,,шагар,,,шагар,
DagLoans,1,186,Lexical item for “a table”,стол,3,,,,искIам,искIам,,,устул,устIул,,,,,устIул,,,искIам,
DagLoans,1,187,Lexical item for “a tail”,хвост,2,,,,джибыр,джибыр,,,джибыр,джуьбур,,,,,джибыр,,,джибыр,
DagLoans,1,189,Lexical item for “a thief”,вор,5,,,,къачахъ,къачах,,,сырыхче,къачах,,,,,качах,,,качахъ,
DagLoans,1,190,Lexical item for “a thing”,"вещь, предмет (вот эту вещь дай мне)",3,,,,кар,кIар,,,зад,кар,,,,,кар,,,кар,
DagLoans,1,191,Lexical item for “a thread”,нитка,2,,,,ухур,магъарид ухур,,,ухур,ухур,,,,,ухур,,,ухур,
DagLoans,1,197,Lexical item for “a time”,время,2,,,,вахт,вахт,,,вахт,вахт,,,,,вахт,,,вахты,
DagLoans,1,198,Lexical item for “a tobacco”,табак,4,,,,тутун,тутун,,,туьтын,табак,,,,,тамбаку,,,тутун,
DagLoans,1,200,Lexical item for “a tongs”,"щипцы, клещи",4,,,,калбатун,къацI,,,маьшаь,келбатун,,,,,калбатун,,,къацI,
DagLoans,1,201,Lexical item for “a towel”,полотенце,4,,,,десмел,десмал,,,дасмаьл,дасмал,,,,,десмел,,,десмел,
DagLoans,1,205,Lexical item for “a turnip”,репа,4,,,,кьаI,,,,чугъундур,,,,,,кьаIъ,,,къаIъ,
DagLoans,1,209,Lexical item for “a voice”,голос,3,,,,сес,сас,,,сес,сес,,,,,саьс,,,сес,
DagLoans,1,211,Lexical item for “a wall”,стена,2,,,,мас,мас,,,бари,мас,,,,,мас,,,мас,
DagLoans,1,212,Lexical item for “a wasp”,оса,6,,,,суьбесей,цIийид макь,,,гъуба,цIаьркIымакь,,,,,чIирид гъубагъ,,,чIирытIай,
DagLoans,1,214,Lexical item for “a watermelon”,арбуз,2,,,,хъарпыз,хъарпыз,,,къарпыз,хъарпыз,,,,,хъарпыз,,,хъарпыз,
DagLoans,1,215,Lexical item for “a wedding”,свадьба,2,,,,дават,дават,,,"тIуй, дават",дават,,,,,дават,,,дават,
DagLoans,1,217,Lexical item for “a week”,неделя,6,,,,аIфта,гьафта,,,эфте,гьафте,,,,,гьаIфта,,,гьахвта,
DagLoans,1,218,Lexical item for “a wheel”,колесо,3,,,,туп,туп,,,тик’аьр,чарх,,,,,туп,,,туп,
DagLoans,1,221,Lexical item for “a widow”,вдова,3,,,,хиндандай,,,,хьиндада,хиндадый,,,,,хиндандай,,,хиндандай,
DagLoans,1,223,Lexical item for “a window”,окно,3,,,,гъул,гъул,,,"гъул’,  г’оьз",гъул’,,,,,гъул,,,гъул,
DagLoans,1,224,Lexical item for “a wine”,вино,1,,,,чахыр,чахыр,,,чахыр,чахыр,,,,,чахыр,,,чахыр,
DagLoans,1,225,Lexical item for “a wing”,крыло (или перо),3,,,,къанат,къанат,,,къанат,хъыли,,,,,къанат,,,хьыли,
DagLoans,1,228,Lexical item for “a work”,работа,4,,,,къвалах,маIъаIш,,,кар,къолах,,,,,къвалах,,,къвалах,
DagLoans,1,229,Lexical item for “a worm”,червяк,4,,,,милуьх,муIлуIх,,,муIлуIх,мулуьх,,,,,муIлуIх,,,милюх,
DagLoans,1,231,Lexical item for “a year”,год,2,,,,сен,сен,,,саьн,сен,,,,,сен,,,сен,
DagLoans,1,235,Lexical item for “an ant”,муравей,5,,,,дзыIхцел,дзыхцел,,,дзэдзыхан,дзыдзахъ,,,,,дзыдзыIх,,,дзыхцел,
DagLoans,1,236,Lexical item for “an arch”,арка,4,,,,чарх,арка,,,тагъ,ара,,,,,,,,тагъ,
DagLoans,1,241,Lexical item for “an earring”,"серьга, сережка",4,,,,халхалав,халхалаг,,,,халхалаг,,,,,"серьги, убраъабыр",,,халхалай,
DagLoans,1,243,Lexical item for “an egg”,яйцо,3,,,,гъыIлыIгъ,гъылыгъ,,,гъылыгъ,гъулыгъ,,,,,гъылыгъ,,,гъылыгъ,
DagLoans,1,246,Lexical item for “an iron”,железо,2,,,,йилаг,йилаг,,,йилаг,йилаг,,,,,йилег,,,йилаг,
DagLoans,1,248,Lexical item for “an oats”,овёс (чем кормят лошадей),4,,,,гъаргъал,хьытI,,,сыкIыл,гъыргъыли,,,,,гъаргъал,,,гъаргъал,
DagLoans,1,250,Lexical item for “an orphan”,сирота,1,,,,етим,етим,,,етим,етим,,,,,етим,,,етим,
DagLoans,1,251,Lexical item for “an owl”,сова,2,,,,тIыб,тIыб,,,бакъуш,тIыб,,,,,тIыб,,,тIыб,
DagLoans,1,30,Lexical item for “a cave”,пещера,3,,,,,куш,,дел’маь,,,,,,,,,,рахын,
DagLoans,1,165,Lexical item for “a slave”,раб,3,,,,,"бичI, факъыр феды",,,,лыкI,,,,,лыкI,,,къараваш,
DagLoans,1,2,Lexical item for “a bark”,кора,2,,,,,,,,,,,,,,джюгал,,,"джуьвал, къабых, чIахын",
DagLoans,1,17,Lexical item for “a brick”,кирпич,2,,,,,,,,,,,,,,кирпич,,,"карпыш, духул",
DagLoans,1,20,Lexical item for “a brother”,брат,1,,,,,,,,,,,,,,шу,,,шу,
DagLoans,1,21,Lexical item for “a bruise”,синяк,1,,,,,,,,,,,,,,лышан,,,,
DagLoans,1,32,Lexical item for “a chin”,подбородок,2,,,,,,,,,,,,,,кIацI,,,кьацI,
DagLoans,1,34,Lexical item for “a claw”,коготь,1,,,,,,,,,,,,,,хьб,,,,
DagLoans,1,35,Lexical item for “a clay”,глина,2,,,,,,,,,,,,,,кIеддал,,,кIуемдал,
DagLoans,1,37,Lexical item for “a co-father-in-law”,сват,2,,,,,,,,,,,,,,илчи,,,къуд,
DagLoans,1,44,Lexical item for “a cousin”,двоюродный брат/сестра,2,,,,,,,,,,,,,,двоеродны реши,,,кунды шуд,
DagLoans,1,55,Lexical item for “a father-in-law (of a man)”,тесть,2,,,,,,,,,,,,,,гаг,,,гагI,
DagLoans,1,56,Lexical item for “a father-in-law (of a woman)”,свёкор,2,,,,,,,,,,,,,,гаг,,,гагI,
DagLoans,1,57,Lexical item for “a father-in-law”,свёкор/тесть,2,,,,,,,,,,,,,,гаг,,,гагI,
DagLoans,1,60,Lexical item for “a fingernail”,ноготь на пальце,2,,,,,,,,,,,,,,хьб,,,хьеб,
DagLoans,1,64,Lexical item for “a floor”,пол,2,,,,,,,,,,,,,,кIул,,,джил,
DagLoans,1,67,Lexical item for “a foam”,пена (на воде),2,,,,,,,,,,,,,,кубук,,,хурт,
DagLoans,1,71,Lexical item for “a Friday”,пятница,2,,,,,,,,,,,,,,"джюма, улджум",,,уьлджум,
DagLoans,1,77,Lexical item for “a glue”,клей,2,,,,,,,,,,,,,,"клей, гылыш",,,гылыш,
DagLoans,1,78,Lexical item for “a goitre/goiter”,зоб (струма),2,,,,,,,,,,,,,,хъыхъараг,,,?,
DagLoans,1,81,Lexical item for “a grandfather”,дедушка (обращение),2,,,,,,,,,,,,,,баба,,,"дид, буба",
DagLoans,1,82,Lexical item for “a grandmother”,бабушка (обращение),2,,,,,,,,,,,,,,бабай,,,нин,
DagLoans,1,85,Lexical item for “a guard”,"охрана, охранник, караульный (?)",1,,,,,,,,,,,,,,каравул,,,каравул,
DagLoans,1,90,Lexical item for “a heel”,пятка,2,,,,,,,,,,,,,,кыв,,,микьли,
DagLoans,1,93,Lexical item for “a key”,ключ,2,,,,,,,,,,,,,,гулг,,,гилев,
DagLoans,1,94,Lexical item for “a ladder”,лестница (приставная),2,,,,,,,,,,,,,,маIгъаIд,,,мыIгъад,
DagLoans,1,95,Lexical item for “a lamp or torch”,"фонарик, лампа",2,,,,,,,,,,,,,,фаьнаьр,,,лэмпе,
DagLoans,1,97,Lexical item for “a letter”,письмо,1,,,,,,,,,,,,,,кагъат,,,кагъат,
DagLoans,1,105,Lexical item for “a master”,хозяин,2,,,,,,,,,,,,,,иесси,,,ийесси,
DagLoans,1,109,Lexical item for “a Monday”,понедельник,2,,,,,,,,,,,,,,понеделник,,,понедельник,
DagLoans,1,113,Lexical item for “a mother-in-law (of a man)”,тёща,1,,,,,,,,,,,,,,ганин,,,ганин,
DagLoans,1,114,Lexical item for “a mother-in-law”,тёща/свекровь,1,,,,,,,,,,,,,,ганин,,,ганин,
DagLoans,1,118,Lexical item for “a nape of a neck”,затылок,2,,,,,,,,,,,,,,дахъ,,,кIум,
DagLoans,1,124,Lexical item for “a number”,"цифра, число",2,,,,,,,,,,,,,,сифыр,,,аIрхьу,
DagLoans,1,128,Lexical item for “a path”,тропинка,2,,,,,,,,,,,,,,выддар,,,джизыгъ,
DagLoans,1,139,Lexical item for “a potato”,картошка,2,,,,,,,,,,,,,,картушка,,,кIардушкIа,
DagLoans,1,143,Lexical item for “a rainbow”,радуга,2,,,,,,,,,,,,,,хаIла ваз,,,хала ваз,
DagLoans,1,151,Lexical item for “a Saturday”,суббота,1,,,,,,,,,,,,,,суббота,,,суббота,
DagLoans,1,153,Lexical item for “a scabies”,чесотка,2,,,,,,,,,,,,,,гар,,,чаквал,
DagLoans,1,161,Lexical item for “a shoulderblade”,лопатка (часть тела),2,,,,,,,,,,,,,,балган,,,"йихв, гъуIн",
DagLoans,1,164,Lexical item for “a skull”,череп,1,,,,,,,,,,,,,,къафас,,,,
DagLoans,1,168,Lexical item for “a snail”,улитка,2,,,,,,,,,,,,,,тIивилкьай,,,тIибилхъай,
DagLoans,1,171,Lexical item for “a soul or spirit”,"душа, дух",2,,,,,,,,,,,,,,р’хI,,,раIхI,
DagLoans,1,172,Lexical item for “a sound or noise”,"звук, шум, голос",1,,,,,,,,,,,,,,cес,,,,
DagLoans,1,175,Lexical item for “a spectacles/glasses”,очки,2,,,,,,,,,,,,,,"очкибыр, айнаIбыр",,,ачки,
DagLoans,1,176,Lexical item for “a spider web”,паутина,2,,,,,,,,,,,,,,шамкал,,,хашамкал,
DagLoans,1,178,Lexical item for “a spine”,позвоночник,2,,,,,,,,,,,,,,гварг,,,гваргI,
DagLoans,1,180,Lexical item for “a steam”,пар,1,,,,,,,,,,,,,,бугъ,,,бугъ,
DagLoans,1,181,Lexical item for “a stepfather”,отчим,1,,,,,,,,,,,,,,джухуд дид,,,джухуд дид,
DagLoans,1,182,Lexical item for “a stepmother”,мачеха,2,,,,,,,,,,,,,,джурхуд нин,,,джрухуд нин,
DagLoans,1,183,Lexical item for “a straw”,солома,2,,,,,,,,,,,,,,нахв,,,"нахв, балби",
DagLoans,1,185,Lexical item for “a Sunday”,воскресенье,2,,,,,,,,,,,,,,воскресенье,,,вахадной,
DagLoans,1,188,Lexical item for “a temples”,висок,2,,,,,,,,,,,,,,кьылтан,,,даIхъ,
DagLoans,1,192,Lexical item for “a thumb”,большой палец руки,2,,,,,,,,,,,,,,вугъылды тIили,,,выгIылды тIили,
DagLoans,1,193,Lexical item for “a thunder”,гром,2,,,,,,,,,,,,,,хаIл удхуIр,,,хаIл,
DagLoans,1,194,Lexical item for “a Thursday”,четверг,1,,,,,,,,,,,,,,четверг,,,четверг,
DagLoans,1,195,Lexical item for “a tick”,клещ,2,,,,,,,,,,,,,,макьакьал,,,бакьакьай,
DagLoans,1,196,Lexical item for “a tiger”,тигр,2,,,,,,,,,,,,,,пеленг,,,пайланг,
DagLoans,1,199,Lexical item for “a toe”,палец ноги,2,,,,,,,,,,,,,,кыли,,,гъилды кыли,
DagLoans,1,202,Lexical item for “a tree stump”,пень,1,,,,,,,,,,,,,,дунк,,,дунк,
DagLoans,1,204,Lexical item for “a Tuesday”,вторник,1,,,,,,,,,,,,,,вторник,,,вторник,
DagLoans,1,206,Lexical item for “a twins”,близнецы,2,,,,,,,,,,,,,,кIуд гьаIймар,,,кIутIхаймар,
DagLoans,1,207,Lexical item for “a veil”,"платок которым закрывают лицо невесты, фата",2,,,,,,,,,,,,,,дувах,,,йагълыгъ,
DagLoans,1,208,Lexical item for “a violin”,каманча,1,,,,,,,,,,,,,,??,,,??,
DagLoans,1,210,Lexical item for “a walking stick”,"палка (пастушеская, для хождения; посох)",1,,,,,,,,,,,,,,тIатIал,,,тIатIал,
DagLoans,1,216,Lexical item for “a Wednesday”,среда,1,,,,,,,,,,,,,,среда,,,среда,
DagLoans,1,219,Lexical item for “a whetstone”,"оселок, точило, точильный камень",2,,,,,,,,,,,,,,хал,,,харт,
DagLoans,1,222,Lexical item for “a widower”,вдовец,1,,,,,,,,,,,,,,хиндандай,,,хиндандай,
DagLoans,1,227,Lexical item for “a wood”,древесина (материал для строительства),2,,,,,,,,,,,,,,ус,,,усбыр,
DagLoans,1,232,Lexical item for “a yoke”,хомут,2,,,,,,,,,,,,,,хамут,,,хаIвыъаIд,
DagLoans,1,233,Lexical item for “a yolk”,желток,2,,,,,,,,,,,,,,желток,,,дыръакьды гъылыгъ,
DagLoans,1,234,Lexical item for “an ankle”,лодыжка,2,,,,,,,,,,,,,,тIуIркь,,,тIурхъуIд,
DagLoans,1,237,Lexical item for “an arrow”,стрела,2,,,,,,,,,,,,,,йэйух,,,нацI,
DagLoans,1,238,Lexical item for “an aunt”,тётя,2,,,,,,,,,,,,,,гай,,,ганин,
DagLoans,1,242,Lexical item for “an earthquake”,землетрясение,2,,,,,,,,,,,,,,"чIир ситIыра, зэльзэле",,,лухъум сипIир,
DagLoans,1,244,Lexical item for “an elbow”,локоть,2,,,,,,,,,,,,,,к’юл’к’,,,цIум,
DagLoans,1,245,Lexical item for “an eyelid”,веко,2,,,,,,,,,,,,,,гъыIбрибыр,,,гъыбрыш,
DagLoans,1,247,Lexical item for “an oak”,дуб,1,,,,,,,,,,,,,,маIхв,,,маIхв,
DagLoans,1,249,Lexical item for “an old man”,старик,2,,,,,,,,,,,,,,кьасды,,,кIасды,
DagLoans,1,252,Lexical item for “an uncle”,дядя,2,,,,,,,,,,,,,,гагай,,,гагI,
DagLoans,1,28,Lexical item for “a caterpillar”,гусеница,1,,,,,,,,,,,,,,,,,милюх,
DagLoans,1,39,Lexical item for “a collarbone”,ключица,1,,,,,,,,,,,,,,,,,раIхъвал,
DagLoans,1,111,Lexical item for “a mortar(1)”,ступа,1,,,,,,,,,,,,,,,,,къаб,
DagLoans,1,133,Lexical item for “a pestle”,пестик (толочь чеснок),1,,,,,,,,,,,,,,,,,къаб,
DagLoans,1,213,Lexical item for “a waterfall”,водопад,1,,,,,,,,,,,,,,,,,махьел,
DagLoans,1,230,Lexical item for “a wrist”,запястье,1,,,,,,,,,,,,,,,,,гуьрцIывыкьыл,
DagLoans,1,240,Lexical item for “an earlobe”,ушная мочка,1,,,,,,,,,,,,,,,,,цIарцI,
